Timestamp,"Стартова заплата на текущата позиция (месечна, нето, в лева)","Текуща заплата (месечна, нето, в лева)",Колко години стаж имате на текущата позиция?,Колко години стаж имате?,За колко човека отговаряте?,В коя област работите?,Какво е точното название на позицията Ви?,Град,Заплаща ли се Overtime,"Годишен размер на паричните бонуси (Нето, в лева)","Име на фирмата, в която работите",Какви технологии ползвате?,Имаше ли съкращения във вашата фирма в резултат на кризата,"Получихте ли увеличение на заплатата, което да компенсира инфлацията в страната",Предлага ли по принцип дистанционна работа фирмата Ви,Фирмата изисква ли естимейти преди започване на таск,Фирмата изисква ли отчитане на часове за работния ден,"Фирмата предлага ли работно време по твое желание (изключвайки срещите)? ""Имаш да свършиш това за днес, пък кога го вършиш - е твоя работа",Получавате ли бонуси на база добре свършена работа,Тип на компанията,Има ли и какви стокови опции или подобни,Брой дни платен отпуск,Получавате ли допълнително здравно осигуряване,Получавате ли карта/бюджет за спорт,"Получавате ли бюджет за допълнителни обучения, курсове и сертификати",Бележки
1/18/2023 10:14:09,3800,5800,2,6,0,QA,QA,София,Няма overtime,3500,,java,да,да,дистанционно по желание без ограничение,"да, но не се налага спазването им",не,да,"не, бонусите са фиксирани",Продукт,Не,32,Да,Не,Да,
1/18/2023 10:18:27,3000,9600,5,8,1,Разработка на софтуер (Dev),Senior Software Engineer,София,Не,0,,Java,"Да, но не на ИТ екипи",да,дистанционно по желание без ограничение,"да, но не се налага спазването им",не,да,"не, нямаме бонуси",Продукт,15к $ годишно,25,Да,Не,Да,
1/18/2023 10:23:24,9000,9000,4,7,0,Разработка на софтуер (Dev),Fullstack developwer,София,Няма overtime,0,,,не,да,дистанционно по желание без ограничение,"да, но не се налага спазването им",не,,"не, нямаме бонуси",Продукт,,25,Да,Да,Да,
1/18/2023 10:25:12,3400,5000,2,7,2,QA,QA,София,Няма overtime,5000,,,не,да,дистанционно по желание без ограничение,не,не,да,"не, бонусите са фиксирани",Сървис,Не,30,Да,Да,Да,
1/18/2023 10:29:56,7500,10000,2,8,0,Разработка на софтуер (Dev),full stack .net developer,гр. Америка (100% remote),Няма overtime,0,американска компания,".net, blazor wasm, ms sql, azure, javascript, jquery","не, даже наеха product owner и scrum master",не,100% дистанционно,"да, но не се налага спазването им",да,да,"не, нямаме бонуси",Продукт,не,0,Не,Не,Не,Контрактор съм - часовете трябва да ги отчета иначе няма как да ми платят :) 
1/18/2023 10:36:50,4400,4400,0.3,6,0,Software Engineer ,Software Engineer ,Варна,Да,1000,,,не,не,100% дистанционно,"да, но не се налага спазването им",да,да,да,Сървис,да,20,Да,Не,Да,
1/18/2023 10:37:47,5500,5500,2,14,0,Разработка на софтуер (Dev),Software Developer,Home,Няма overtime,5500,,C++,не,не,100% дистанционно,"да, но не се налага спазването им",да,да,"не, бонусите са фиксирани",Бодилизинг,,,Не,Не,Не,
1/18/2023 10:39:02,550,550,10,0,0,QA,QA Junior Game Tester ,София,Няма overtime,0,Gameloft,,да,не,няколко задължително присъствени дни,"да, но не се налага спазването им",да,"не, работим фиксирано","не, нямаме бонуси",Продукт,No,20,Не,Не,Не,
1/18/2023 10:39:43,3000,3000,1.5,3.5,0,QA,QA,София,Няма overtime,0,UK startup,,не,не,дистанционно по желание без ограничение,не,не,да,"не, нямаме бонуси",Продукт,,25,Да,Да,Не,
1/18/2023 10:40:16,4500,4500,0,7,0,QA,Senior Manual QA Engineer,София,Няма overtime,1200,,"Java, MySQL, K8S, Docker,",не,Твърде съм нов.,дистанционно по желание без ограничение,"да, и следи за спазването",не,"не, работим фиксирано",да,Продукт,Не.,30,Да,Да,Не съм сигурен.,"50 лева допълнителни за интернет и ток, при работа от вкъщи."
1/18/2023 10:44:48,4200,8000,1,4,0,Разработка на софтуер (Dev),Fullstack JS Developer,Пловдив,Няма overtime,1000,,"Vuejs, Next.js",не,да,100% дистанционно,не,не,да,"не, бонусите са фиксирани",Бодилизинг,ne,25,Да,Да,Да,
1/18/2023 10:53:51,1200,2000,5,7,2,DevOps,Web Administrator,Варна,Не,2000,,"Linux, web servers, python, etc",не,да,дистанционно по желание без ограничение,"да, но не се налага спазването им",не,да,"не, нямаме бонуси",Продукт,,25,Да,Да,Да,
1/18/2023 10:56:28,1500,4000,3,4,2,Разработка на софтуер (Dev),Website Developer,София,Не,1000,,"Php, JavaScript, PostgreSql",не,да,дистанционно по желание без ограничение,"да, и следи за спазването",да,да,"не, бонусите са фиксирани",Сървис,,21,Не,Не,Да,
1/18/2023 10:58:02,,5200,,4,0,Разработка на софтуер (Dev),software engineer,София,Да,4000,,"Java, Srping, JPA, Postgre, Mongo, Kubernetes, Kafka",не,не,100% дистанционно,"да, но не се налага спазването им",не,"не, работим фиксирано",да,Сървис,не,25,Да,Да,имаме достъп до Udemy и подобни,
1/18/2023 11:03:28,2100,3150,5,10,0,Поддръжка на софтуер (Support),Senior Technical Support L2,София,Няма overtime,0,,,да,не,дистанционно по желание без ограничение,"да, и следи за спазването",не,"не, работим фиксирано","не, нямаме бонуси",Сървис,не,25,Да,Да,Да,
1/18/2023 11:20:34,3500,5000,1,6,3,Разработка на софтуер (Dev),Java Dev,Варна,Да,2000,,"Java, Spring, Postgree",не,да,дистанционно по желание без ограничение,"да, но не се налага спазването им",да,"не, но може да си тръгна ако приключа със задачите за деня","не, бонусите са фиксирани",Сървис,не,24,Да,Да,Да,
1/18/2023 11:22:05,12000,12000,1,10,0,Разработка на софтуер (Dev),Staff Software Engineer ,София,Да,0,,"C#, MySQL, GCP, React",не,не,дистанционно по желание без ограничение,"да, но не се налага спазването им",не,да,да,Продукт,Не,25,Да,Да,Да,
1/18/2023 11:25:47,8900,8900,1,10,5,Разработка на софтуер (Dev),Lead Developer,remote,Няма overtime,25000,,Java,не,не,няколко задължително присъствени дни,"да, но не се налага спазването им",не,"не, но може да си тръгна ако приключа със задачите за деня",да,Продукт,,31,Да,Не,Не,
1/18/2023 11:28:05,7500,7500,1,16,0,QA,Senior QA Automation,София,Няма overtime,0,,"Python, Behave, Selenium, Appium",не,не,дистанционно по желание без ограничение,"да, и следи за спазването",да,да,"не, нямаме бонуси",Продукт,да,25,Да,Да,Да,
1/18/2023 11:31:38,7500,8500,2,8,0,Разработка на софтуер (Dev),Senior Software Engineer,София,Да,0,,Python,да,не,дистанционно по желание без ограничение,"да, но не се налага спазването им",не,да,"не, нямаме бонуси",Продукт,опции,30,Да,Да,Не,
1/18/2023 11:37:34,,6500,5,15,5,BI,Data analytics manager,София,Да,0,,"MySQL,power bi, python, nodeJS",не,не,няколко задължително присъствени дни,"да, но не се налага спазването им",не,да,"не, нямаме бонуси",Продукт,не,20,Да,Да,Не,
1/18/2023 11:47:03,6000,6000,4,10,0,Разработка на софтуер (Dev),Full stack developer,София,Няма overtime,0,,"JavaScript, nodejs, react, typescript",не,не,100% дистанционно,"да, но не се налага спазването им",не,да,"не, нямаме бонуси",Продукт,не,20,Не,Не,Не,
1/18/2023 11:50:22,7138,8650,2,10,0,Разработка на софтуер (Dev),Софтуерен Инженер,София,Да,0,,"C, C++, Assembly",не,"сам си го поисках, не заради инфлацията",дистанционно по желание без ограничение,"да, и следи за спазването",да,"не, но може да си тръгна ако приключа със задачите за деня","не, нямаме бонуси",Бодилизинг,не,20,Не,Не,Не,плаща се на час. допълнителни придобивки няма. 
1/18/2023 11:58:27,6000,8000,3,7,0,Разработка на софтуер (Dev),Senior Backend Engineer,София,Няма overtime,0,,,не,да,дистанционно по желание без ограничение,"да, но не се налага спазването им",не,да,"не, нямаме бонуси",Бодилизинг,няма,20,Не,Не,Не,
1/18/2023 12:00:00,8000,12000,2,10,3,Мениджмънт/Тиим Лиид,Lead Software Engineer,София,Няма overtime,30000,,"Java,React,JavaScript,Python",не,да,дистанционно по желание без ограничение,"да, но не се налага спазването им",не,да,да,Сървис,,30,Да,Да,Да,
1/18/2023 12:07:25,4500,8000,3,6,0,Security,DevSecOps engineer,Remote,Няма overtime,0,,"AWS, Python",не,не,100% дистанционно,не,не,да,"не, нямаме бонуси",Продукт,,21,Не,Не,Да,
1/18/2023 12:14:59,9500,15000,4,10,2,Разработка на софтуер (Dev),Senior Software Engineer,America,Няма overtime,0,американска компания,"Go, PostgreSQL, React, TypeScript",не,да,100% дистанционно,"да, и следи за спазването",не,да,"не, нямаме бонуси",Продукт,Да,0,Не,Не,Не,
1/18/2023 12:16:52,1800,3500,1.5,1.5,0,Разработка на софтуер (Dev),Software Engineer,Пловдив,Няма overtime,500,,"C#, JavaScript, PostgreSQL",не,не,100% дистанционно,"да, но не се налага спазването им",да,"не, но може да си тръгна ако приключа със задачите за деня","не, бонусите са фиксирани",Продукт,"17500 долара в акции, които се отключват на интервали от 3 месеца",22,Да,Да,Да,
1/18/2023 12:21:18,2500,3800,1.5,3,0,Разработка на софтуер (Dev),Software engineer,София,Няма overtime,0,,"Java, JS, Postgresql",не,да,дистанционно по желание без ограничение,не,да,да,"не, нямаме бонуси",Продукт,,25,Не,Не,Да,
1/18/2023 12:35:02,2000,3500,1,1,0,Разработка на софтуер (Dev),Backend engineer I,София,Няма overtime,0,,"Java(Spring),  MySQL + PostgreSQL, AWS(not sure if technology tbh)",не,не,дистанционно по желание без ограничение,"да, но не се налага спазването им",не,да,"не, нямаме бонуси",Продукт,,25,Да,Да,Да,"За джуниъри бонус няма. Иначе компанията предлага stock options, но са за синиър хората. "
1/18/2023 12:42:37,1200,5000,8,8,0,Разработка на софтуер (Dev),Software engineer,София,Няма overtime,20000,,,,да,дистанционно по желание без ограничение,"да, но не се налага спазването им",не,"не, работим фиксирано","не, бонусите са фиксирани",Продукт,Espp,30,Да,Да,Да,
1/18/2023 12:48:34,6000,7900,1.5,10,1,Разработка на софтуер (Dev),Android Developer (Senior/Lead),София,Няма overtime,7000,американска компания,"Java, Kotlin",не,да,дистанционно по желание без ограничение,"да, и следи за спазването",не,да,"не, бонусите са фиксирани",Продукт,RSU every 3 months,20,Да,Да,Да,
1/18/2023 12:55:37,9500,9500,1,12,2,Разработка на софтуер (Dev),Senior Software Developer,София,Няма overtime,0,-,"JavaScript, Node, React",не,не,100% дистанционно,"да, но не се налага спазването им",не,да,"не, нямаме бонуси",Продукт,има,25,Да,Да,Не,
1/18/2023 12:55:53,4000,7500,5,10,0,Разработка на софтуер (Dev),DB Dev,София,Няма overtime,2500,,SQL Server,не,да,дистанционно по желание без ограничение,"да, но не се налага спазването им",да,да,да,Продукт,,25,Да,Не,Да,
1/18/2023 12:58:12,3000,3750,1,30,0,Разработка на софтуер (Dev),Софтуерен инженер,Дистанционно,Няма overtime,3500,,"php, linux, js",не,не,дистанционно по желание без ограничение,"да, но не се налага спазването им",да,да,да,Продукт,,25,Да,Да,Не,
1/18/2023 13:06:00,9000,9000,1,16,0,Разработка на софтуер (Dev),Senior Software Developer,София,Няма overtime,18000,,"C#, .NET",да,да,дистанционно по желание без ограничение,не,не,да,"не, бонусите са фиксирани",Продукт,14000$ годишно,29,Да,Да,Да,
1/18/2023 13:09:54,1300,4500,3.5,4.5,0,Разработка на софтуер (Dev),back end developer,Варна,Няма overtime,1000,,"c#, .net core, mssql, javascript",не,да,задължително присъствено,не,да,"не, работим фиксирано","не, нямаме бонуси",Продукт,не,21,Да,Не,Не,
1/18/2023 13:12:19,12000,15500,8,15,6,Мениджмънт/Тиим Лиид,Engineering Manager / Tech Lead,София,Да,0,глобална компания листната на NASDAQ,".NET, Angular, MongoDB",не,не,100% дистанционно,"да, но не се налага спазването им",да,да,"не, нямаме бонуси",Продукт,не,0,Не,Не,Не,
1/18/2023 13:18:03,4200,5000,6,13,0,Разработка на софтуер (Dev),Senior software engineer,София,Няма overtime,300,Немечек,"Typescript,C#",не,,дистанционно по желание без ограничение,"да, но не се налага спазването им",не,"не, работим фиксирано","не, бонусите са фиксирани","И продукт, и сървис",Не,20,Да,Да,Да,
1/18/2023 13:26:27,3500,5000,2,11,0,Hardware,PCB design,София,Да,5000,,"Altium, Solidworks ",не,да,задължително присъствено,"да, но не се налага спазването им",не,да,"не, нямаме бонуси",Продукт,да,20,Да,Да,Да,
1/18/2023 13:27:30,3500,4600,1.5,4,0,Разработка на софтуер (Dev),Android Developer(Senior),Дистанционно ,Няма overtime,5000,US базирана компания ,"Java, Kotlin",Замразяване на заплатите ,не,дистанционно по желание без ограничение,"да, и следи за спазването",не,да,"не, бонусите са фиксирани",Продукт,"Да, Х на брой акции на всеки 3 месеца ",20,Да,Да,Да,
1/18/2023 13:45:05,3800,4200,0,0,0,DevOps,Junior Linux DevOps Engineer,Варна,Няма overtime,0,,"Shell scripting, Docker, Kubernetes, Jenkins, GitHub / GitLab",не,не,дистанционно по желание без ограничение,не,да,"не, работим фиксирано","не, нямаме бонуси",Сървис,Не.,24,Да,Не,Да,
1/18/2023 13:53:50,9000,10000,2,20,2,Разработка на софтуер (Dev),Senior developer,София,Да,10000,,".Net, JavaScript, MS SQL",не,не,дистанционно по желание без ограничение,"да, но не се налага спазването им",да,"не, работим фиксирано","не, нямаме бонуси",Продукт,да,22,Да,Да,Да,
1/18/2023 14:13:07,1700,1700,1,4,0,QA,Automation Tester,София,Няма overtime,600,,"java, selenium",не,не,няколко задължително присъствени дни,не,да,да,"не, нямаме бонуси",Продукт,no,25,Да,Да,Да,
1/18/2023 14:15:12,10000,12000,1,17,2,Мениджмънт/Тиим Лиид,Manager,София,Не,0,,"Javascript, Typescript, Node.js, React Native",не,,няколко задължително присъствени дни,не,не,да,"не, нямаме бонуси",Продукт,,25,Да,Да,Плаща се каквото е нужно,
1/18/2023 14:15:41,600,1200,5,7,0,copywriter,opywriter,Пловдив,Няма overtime,500,,"Html, keyword software",не,да,дистанционно по желание без ограничение,не,не,"не, но може да си тръгна ако приключа със задачите за деня","не, нямаме бонуси",Сървис,ne,22,Да,Не,Не,
1/18/2023 14:24:56,2900,6700,7,13,17,Мениджмънт/Тиим Лиид,Operations Manager,София,Няма overtime,10000,,,да,Очаква се сега през 2023 г.,дистанционно по желание без ограничение,не,да,да,"не, нямаме бонуси",Продукт,Не,25,Да,Не,Не,
1/18/2023 14:35:35,5500,6000,1,8,6,Разработка на софтуер (Dev),Team Lead,София,Няма overtime,0,Endava,.NET stack,не,не,100% дистанционно,"да, но не се налага спазването им",да,да,"не, нямаме бонуси",Бодилизинг,Yes,23,Да,Не,Не,
1/18/2023 14:35:36,8300,9000,4,9,0,Разработка на софтуер (Dev),Senior ,София,Няма overtime,2000,Xa xa,,не,да,дистанционно по желание без ограничение,"да, но не се налага спазването им",не,да,"не, бонусите са фиксирани",Продукт,Не,25,Да,Да,Да,
1/18/2023 14:36:24,,3000,,1,0,Разработка на софтуер (Dev),Junior software engineer,София,Не,3000,,"Java, Javascript, MySql",не,не,дистанционно по желание без ограничение,не,не,"не, работим фиксирано","не, бонусите са фиксирани",Продукт,,25,Да,Да,,
1/18/2023 14:43:31,3600,3600,1,1,0,Разработка на софтуер (Dev),Front End Dev,София,Няма overtime,0,Outhoring ,JS/TS/Angular,не,не,дистанционно по желание без ограничение,"да, но не се налага спазването им",да,да,"не, нямаме бонуси",Сървис,ne,25,Да,Да,Не,
1/18/2023 14:50:02,11000,11000,4,12,6,Мениджмънт/Тиим Лиид,Engineering Manager,София,Не,0,A,Python,не,не,дистанционно по желание без ограничение,"да, и следи за спазването",да,да,"не, нямаме бонуси",Продукт,Няма,25,Да,Да,По преценка,
1/18/2023 14:53:42,7700,9700,1.2,6,0,Разработка на софтуер (Dev),Front-end Dev,София,Няма overtime,0,-,Javascript,не,да,100% дистанционно,"да, но не се налага спазването им",да,да,"не, нямаме бонуси",Продукт,Не,25,Не,Не,Да,
1/18/2023 14:57:02,3000,3700,2,4,0,Разработка на софтуер (Dev),Програмист,София,Няма overtime,0,,,не,да,дистанционно по желание без ограничение,"да, но не се налага спазването им",да,да,"не, нямаме бонуси",,,,Да,Да,Да,
1/18/2023 14:57:54,1400,1650,3,6,8,Разработка на софтуер (Dev),Senior Automation Engineer,София,Няма overtime,0,,"postgresql, python, airflow, elasticsearch,docker,django",не,не,дистанционно по желание без ограничение,"да, но не се налага спазването им",да,да,да,Сървис,,20,Да,Да,Да,
1/18/2023 15:02:34,5000,5300,0.8,2.5,0,Разработка на софтуер (Dev),.Net Developer,София,Няма overtime,6000,,"C#,GraphQL,.Net Core",не,Очакваме,дистанционно по желание без ограничение,не,да,да,"не, бонусите са фиксирани",Сървис,Не,25,Да,Не,Не,
1/18/2023 15:16:46,6000,6500,1,9,0,QA,Software engineer in Test,София,Няма overtime,15000,,"Python, js",не,не,дистанционно по желание без ограничение,"да, и следи за спазването",не,да,да,Сървис,,25,Да,Да,Да,
1/18/2023 15:17:22,10000,20000,25,30,56,Разработка на софтуер (Dev),DEV,Пловдив,Няма overtime,5000,,"ava, C++, JavaScript, C, Cobol",не,да,100% дистанционно,не,не,"не, работим фиксирано",да,Продукт,,30,Да,Да,Да,
1/18/2023 15:26:21,3000,3300,2,15,0,DevOps,DevOps Engineer,София,Няма overtime,3000,ххх,,не,не,няколко задължително присъствени дни,не,не,"не, работим фиксирано","не, бонусите са фиксирани",Продукт,До 10% от заплатата,30,Да,"По желание, сами ги плащаме на преференциални цени.",Да,
1/18/2023 15:43:12,9500,9500,1,8,4,Разработка на софтуер (Dev),Tech Lead,София,Да,15000,,"Java, SQL, DevOps",не,почти,дистанционно по желание без ограничение,"да, и следи за спазването",да,да,да,Сървис,,25,Да,Да,по желание,
1/18/2023 15:50:27,6250,6250,3,3,0,Разработка на софтуер (Dev),WordPress Developer,Благоевград ,Няма overtime,0,Peytz,"PHP, JavaScript, MySQL ",не,От скоро съм там,100% дистанционно,"да, и следи за спазването",да,да,"не, нямаме бонуси",Сървис,Не,25,Не,Да,Не,
1/18/2023 15:51:14,6000,6000,1,15,0,Поддръжка на софтуер (Support),IT Architect,София,Не,6000,,,не,"да, но не заради инфлацията",дистанционно по желание без ограничение,не,да,"не, работим фиксирано",да,Сървис,може да се купят акции с 15% отстъпка,25,Да,Не,Да,
1/18/2023 15:55:25,1300,3000,1,1.5,0,Поддръжка на софтуер (Support),System Engineer,Бургас,Не,1000,,"PHP,HTML,CSS,SQL,Appache,SIP,Linux",да,не,100% дистанционно,не,не,да,да,Сървис,,,Не,Не,Не,
1/18/2023 16:13:36,10000,11000,2,22,5,Мениджмънт/Тиим Лиид,DevOps Manager,София,Няма overtime,21000,,"C#, Azure Cloud, Azure DevOps, Kubernetes",не,да,дистанционно по желание без ограничение,не,да,"не, работим фиксирано",да,Продукт,,24,Да,Да,Да,
1/18/2023 16:52:02,2700,6500,3,6,0,DevOps,DevOps,София,Да,6000,N/A,"AWS,  Terraform, Linux, K8S ...",не,ще видим следващия месец,дистанционно по желание без ограничение,"да, но не се налага спазването им",да,да,да,Сървис,има,26,Да,Да,Да,
1/18/2023 16:56:09,3000,3500,1.5,4,0,Разработка на софтуер (Dev),Софтуерен инженер,София,Да,3500,,Javascript,не,да,дистанционно по желание без ограничение,"да, и следи за спазването",не,да,да,Продукт,,25,Да,Да,Да,
1/18/2023 17:17:39,4000,8500,7,9,2,DevOps,DevOps,София,Няма overtime,2000,,,не,да,дистанционно по желание без ограничение,"да, но не се налага спазването им",да,да,"не, бонусите са фиксирани",Сървис,,22,Да,Не,Да,
1/18/2023 17:20:00,7800,7800,1,8,4,Мениджмънт/Тиим Лиид,Tech Lead,София,Да,10000,,,не,не,дистанционно по желание без ограничение,"да, но не се налага спазването им",не,,,,,,,,,
1/18/2023 17:35:37,1500,4500,2,2,0,Разработка на софтуер (Dev),FE,София,Няма overtime,4000,,Angular ,не,не,дистанционно по желание без ограничение,не,не,да,"не, нямаме бонуси",Продукт,Да,25,Не,Не,Не,
1/18/2023 17:38:25,1700,2800,2,3,0,All in one IT Specialist,Системен Администратор,София,Няма overtime,5300,,"VoIP, VLANs, VPN, Access control, CCTV. ",не,Не колкото инфлацията,задължително присъствено,не,не,"не, работим фиксирано","не, бонусите са фиксирани",,,22,Да,Да,Не,
1/18/2023 17:48:43,900,1500,1,2,0,Hardware,Техник компютърни техники,Пловдив,Няма overtime,1000,Изотсервиз ,,не,да,задължително присъствено,,да,"не, работим фиксирано",да,,,20,Не,Да,Не,
1/18/2023 17:51:05,1500,4500,3.5,3.5,1,Разработка на софтуер (Dev),Software Engineer,remote,Не,1000,,PHP,не,да,100% дистанционно,,да,,,,,,,,Да,
1/18/2023 17:51:13,3500,5600,6,16,0,DevOps,DevOps,София,Да,6000,,"VMware, Windows, PowerShell",не,не,100% дистанционно,"да, но не се налага спазването им",не,да,"не, бонусите са фиксирани",Продукт,има опция за покупка на акции на по-ниска цена,24,Да,Да,Да,Анкетата на отчита хоризонтално развитие във компанията
1/18/2023 17:59:31,2800,3500,1.1,2.5,0,QA,QA manual ,София,Няма overtime,0,,"Postman, Cypress, Selenium ",не,да,дистанционно по желание без ограничение,"да, и следи за спазването",не,"не, работим фиксирано","не, нямаме бонуси",Сървис,,25,Да,Да,Не,
1/18/2023 18:01:43,3000,4000,2,12,0,Разработка на софтуер (Dev),Програмист,remote,Няма overtime,4000,,"php, javascript, html, css",не,да,дистанционно по желание без ограничение,не,не,"не, работим фиксирано","не, бонусите са фиксирани",Продукт,,,Да,Да,Не,
1/18/2023 18:03:04,1200,8000,10,10,0,Разработка на софтуер (Dev),software architect,София,Да,0,,"nodejs, javascript, react, sql",не,не,дистанционно по желание без ограничение,"да, но не се налага спазването им",да,да,"не, нямаме бонуси",Сървис,Не,22,Не,Не,Не,"контрактор съм, нето"
1/18/2023 18:08:25,1250,14800,2,10,0,Разработка на софтуер (Dev),Software Developer,remote,Няма overtime,0,,"c#, c++, javascript, k8s",не,не,100% дистанционно,не,не,да,"не, нямаме бонуси",Бодилизинг,,20,Не,Не,Не,
1/18/2023 18:21:50,800,5500,10,13,0,QA,Automation Quality Assurance Engineer,remote,Да,0,Тайна ЕООД,"Java,Selenium,CSS,POM,HTML,Jenkins,MySql",да,да,дистанционно по желание без ограничение,не,да,да,"не, нямаме бонуси",Outsource,не,25,Да,Не,Да,
1/18/2023 18:25:09,500,1600,10,10,0,обслужващ персонал - Лидл,обслужващ персонал,Бургас,Не,0,Лидл,пазарна количка,не,не,по предварително определен график,"да, и следи за спазването",да,"не, работим фиксирано","не, нямаме бонуси",Продукт,ваучери за храна в магазина,20,Не,Не,Не,повечете мърчандайки са готини и пускат
1/18/2023 18:47:00,730,1480,1,1,0,Разработка на софтуер (Dev),junior dev,Варна,Няма overtime,2500,,"Java, JavaScript, Spring, Angular, OracleDB",не,да,дистанционно по желание без ограничение,"да, и следи за спазването",да,да,"не, бонусите са фиксирани",Сървис,,25,Да,Да,Не,
1/18/2023 18:49:12,1200,3000,5,5,0,Разработка на софтуер (Dev),Програмист,София,Да,1000,,"Php, mysql, sql, javascript",не,да,няколко задължително присъствени дни,"да, и следи за спазването",да,"не, работим фиксирано",да,Сървис,,,Да,Да,Да,
1/18/2023 18:56:31,1300,1600,0,0,0,Разработка на софтуер (Dev),Junior Developer ,Пловдив,Няма overtime,0,,"Java, Docker, SQL",не,,100% дистанционно,"да, и следи за спазването",да,да,"не, нямаме бонуси",Бодилизинг,,20,Да,Да,Да,
1/18/2023 18:57:49,2000,4500,4,4,1,Разработка на софтуер (Dev),Developer ,София,Няма overtime,0,,C#,да,не,дистанционно по желание без ограничение,"да, и следи за спазването",да,"не, работим фиксирано","не, нямаме бонуси",Сървис,,,,,,
1/18/2023 19:10:17,2300,3500,1,5,0,DevOps,Devops Engineer,София,Не,0,Endava,"AWS, Terraform, Kubernetes, Docker, Git, BitBucket, Bash, TeamCity, Datadog, Jira, SonarQube",не,не,100% дистанционно,не,не,да,"не, нямаме бонуси",Сървис,Да,25,Да,Да,Да,"Ваучери - 80лв
Overtime - рядко"
1/18/2023 19:37:59,,6000,,9,1,Разработка на софтуер (Dev),Data scientist ,София,Няма overtime,3600,Ocado ,Python ,не,не,няколко задължително присъствени дни,не,да,"не, работим фиксирано","не, нямаме бонуси",Продукт,Да,25,Да,Да,Да,
1/18/2023 19:38:31,1500,6200,11,11,4,Разработка на софтуер (Dev),Senior Software Developer,София,Не,0,,"C#, MSSQL, HTML, CSS, typescript",не,да,дистанционно по желание без ограничение,"да, и следи за спазването",да,"не, но може да си тръгна ако приключа със задачите за деня",да,Продукт,не,20,Да,Да,Да,
1/18/2023 19:42:09,2600,2600,0,1.5,0,Разработка на софтуер (Dev),Java developer ,Пловдив,Няма overtime,1800,,Java,не,не,дистанционно по желание без ограничение,"да, но не се налага спазването им",да,"не, работим фиксирано","не, нямаме бонуси",Сървис,,,Да,Да,Да,
1/18/2023 20:18:49,3800,4000,5,10,0,Разработка на софтуер (Dev),web developer,София,Няма overtime,0,,"php, mysql, j",не,не,дистанционно по желание без ограничение,"да, но не се налага спазването им",не,"не, работим фиксирано","не, нямаме бонуси",Продукт,,22,Да,Не,,
1/18/2023 20:21:36,4000,4400,2,5,0,Разработка на софтуер (Dev),SE1,София,Не,0,,"C, Java, Bash, Python",не,не,няколко задължително присъствени дни,"да, но не се налага спазването им",да,"не, но може да си тръгна ако приключа със задачите за деня","не, нямаме бонуси",Продукт,Да,30,Да,Не,Да,
1/18/2023 20:56:13,2000,5100,12,12,0,Разработка на софтуер (Dev),програмист софтуерни приложения,София,Няма overtime,9000,,С++,не,не,дистанционно по желание без ограничение,не,не,да,"не, бонусите са фиксирани",Продукт,не,25,Да,Не,Не,
1/18/2023 21:03:26,2000,5500,5,6,0,Разработка на софтуер (Dev),Software Developer,София,Няма overtime,0,,"C#, JavaScript",не,не,дистанционно по желание без ограничение,"да, но не се налага спазването им",не,да,"не, нямаме бонуси",Сървис,,25,Да,Да,Да,
1/18/2023 21:29:44,16000,18000,6,20,8,Разработка на софтуер (Dev),R&D Manager,София,Не,0,,"c#, aws, node.js, solidity, kotlin",не,да,няколко задължително присъствени дни,"да, но не се налага спазването им",не,"не, работим фиксирано",да,Продукт,,20,Не,Не,Да,
1/18/2023 22:05:24,3000,7000,4,10,4,Мениджмънт/Тиим Лиид,Founder & Manager,София,Да,0,,,не,да,дистанционно по желание без ограничение,"да, и следи за спазването",да,да,да,Сървис,,20,Не,Не,Да,
1/18/2023 22:08:46,4000,6000,2.5,3.5,0,Разработка на софтуер (Dev),Software engineer,София,Да,9000,,"Golang, Java, Python, PostgreSQL, Bazel",не,да,дистанционно по желание без ограничение,"да, и следи за спазването",да,да,"не, бонусите са фиксирани",Продукт,15к на всеки 4 години,29,Да,Да,Да,
1/18/2023 22:13:20,5000,5000,2,13,9,Мениджмънт/Тиим Лиид,CEO,София,Няма overtime,2500,Алгос,"SQL, Java",не,Повишаване на сумата на ваучери,100% дистанционно,"да, и следи за спазването",да,да,"не, нямаме бонуси",Сървис,Не,20,Не,Не,Да,
1/18/2023 22:31:58,9000,9000,1,7,0,Разработка на софтуер (Dev),Senior Engineer,София,Няма overtime,12000,,"TypeScript, PHP",не,не,100% дистанционно,"да, но не се налага спазването им",не,да,да,Продукт,не,25,Да,Не,Да,
1/18/2023 22:33:57,4200,7600,4,7,0,Разработка на софтуер (Dev),Java Developer,София,Да,7000,,"Java, RabbitMQ, Spring, Mysql, Docker...",не,да,дистанционно по желание без ограничение,"да, но не се налага спазването им",не,"не, но може да си тръгна ако приключа със задачите за деня",да,Сървис,RSU,26,Да,Да,Да,
1/18/2023 22:38:13,3973,4853,2,4,0,Разработка на софтуер (Dev),React Developer,remote,Не,0,-,"React, Python",не,не,100% дистанционно,не,не,"не, работим фиксирано","не, нямаме бонуси",Продукт,yes,25,Не,,Не,
1/18/2023 22:42:48,1200,3700,3.5,3.5,0,Разработка на софтуер (Dev),Програмист,София,Няма overtime,3000,,"C#, Typescript",не,да,по предварително определен график,"да, но не се налага спазването им",да,"не, работим фиксирано","не, нямаме бонуси",Продукт,,25,Да,Не,Да,
1/18/2023 22:50:13,2000,6000,5,5,0,QA,QA Automation Specialist,София,Няма overtime,6000,,,не,да,100% дистанционно,не,не,да,"не, нямаме бонуси",Outsourcing,не,21,Да,Да,"Няма го в договора, но няма проблем, ако искаме.",
1/18/2023 23:28:56,5000,5000,0,3,0,Разработка на софтуер (Dev),Backend Developer,София,Да,0,,,,,,,,,,,,,,,,
1/19/2023 0:22:11,4900,8000,4,15,8,Мениджмънт/Тиим Лиид,Senior consultant,Варна,Няма overtime,16000,,"Java, Spring, JPA, ELK, PostgreSQL, Camel",не,да,дистанционно по желание без ограничение,"да, но не се налага спазването им",да,да,да,Сървис,не,25,Да,Да,Да,
1/19/2023 0:39:48,10500,11250,2,15,30,Мениджмънт/Тиим Лиид,Services Lead,София,Няма overtime,20000,N/A,"Amazon Web Services, Terraform, Git*, Python",не,да,дистанционно по желание без ограничение,"да, и следи за спазването",не,да,"не, бонусите са фиксирани",Сървис,Не,25,Да,Да,Да,
1/19/2023 0:42:13,4000,5300,3,5,0,Разработка на софтуер (Dev),C++ Developer,София,не знам,14000,,C++,не,да,няколко задължително присъствени дни,"да, но не се налага спазването им",не,да,"не, бонусите са фиксирани",Продукт,,26,Да,Да,Да,
1/19/2023 1:53:18,1400,1400,0.1,2,0,Разработка на софтуер (Dev),Full-Stack Developer - Intern,София,Не,1200,,"Java, Angular, Docker, Jekins, SQL, etc.",Не знам,Все още не съм бил в компанията,дистанционно по желание без ограничение,не,да,да,"не, бонусите са фиксирани",Аут сорс,,24,Да,Да,Да,
1/19/2023 2:02:06,1700,2300,7,9,0,Поддръжка на софтуер (Support),Remote Technical Support,София,Да,0,IBM,,да,не,няколко задължително присъствени дни,не,да,"не, работим фиксирано","не, нямаме бонуси",Продукт,Да,23,Да,Да,Да,
1/19/2023 4:36:35,2000,5600,5,15,20,Мениджмънт/Тиим Лиид,PM,София,Да,5000,,,не,"Получих, но не я компенсира",100% дистанционно,"да, и следи за спазването",да,"не, но може да си тръгна ако приключа със задачите за деня",да,Сървис,Да,25,Да,Да,Да,
1/19/2023 7:32:21,2000,2200,1,1,0,QA,Quality Control operator ,София,Няма overtime,0,Sumsub,None,не,не,няколко задължително присъствени дни,не,да,"не, работим фиксирано",да,Сървис,,30,Не,Не,Не,
1/19/2023 7:33:42,4000,4300,1.5,10,0,UI/UX Designer,Senior UX/UI Designer,София,Няма overtime,4000,,,не,да,дистанционно по желание без ограничение,"да, и следи за спазването",не,"не, работим фиксирано",да,Продукт,,22,Да,Не,Да,
1/19/2023 8:20:19,7700,7700,0,5,0,Разработка на софтуер (Dev),Software Engineer,София,Не,14000,,"Go, Java",не,,няколко задължително присъствени дни,не,не,да,да,Продукт,"RSU, ESPP",23,Да,Да,Не,
1/19/2023 9:33:27,6000,8300,1,17,11,Мениджмънт/Тиим Лиид,Team Lead,Пловдив,Да,8800,Prefer not to disclose,"Big Data, Python, AWS, GCP, Azure, Synapse, Snowflake, Cloudera",не,не,дистанционно по желание без ограничение,"да, и следи за спазването",да,да,"не, бонусите са фиксирани",Сървис,Да,22,Да,Да,Да,Overtime-а се избягва. Има well-being-програма.
1/19/2023 10:33:33,3800,4400,1,7,4,Разработка на софтуер (Dev),Senior Java Developer,Варна,Не,500,,"Java, React, PostgreSQL, Spring boot, Python",не,да,дистанционно по желание без ограничение,"да, но не се налага спазването им",не,"не, но може да си тръгна ако приключа със задачите за деня","не, бонусите са фиксирани",Бодилизинг,,25,Да,Да,Да,
1/19/2023 10:56:40,6500,7000,1,5,3,Разработка на софтуер (Dev),React Dev,Remote,Няма overtime,0,-,JavaScript,не,не,100% дистанционно,"да, и следи за спазването",да,"не, работим фиксирано","не, нямаме бонуси",Продукт,Да.,25,Да,Да,Не,
1/19/2023 11:49:07,4700,7000,3,10,2,Мениджмънт/Тиим Лиид,Lead QA Automation Engineer,София,Не,0,,"Python, Robot Framework, SQL, MariaDB, Docker, Kubernetes",не,да,дистанционно по желание без ограничение,"да, но не се налага спазването им",не,да,"не, нямаме бонуси",Продукт,да,25,Не,Не,Да,
1/19/2023 11:52:31,8500,8500,3,7,0,Security,Senior Cybersecurity Consultant,София,Да,0,,Splunk,не,не,дистанционно по желание без ограничение,"да, но не се налага спазването им",да,"не, но може да си тръгна ако приключа със задачите за деня",да,Сървис,,,Да,Не,Да,
1/19/2023 12:52:12,2500,5500,5,8,0,DevOps,Mid DevOps Engineer,София,Да,0,,"AWS, Kubernetes, CI/CD",не,не,дистанционно по желание без ограничение,"да, и следи за спазването",да,да,"не, нямаме бонуси",Сървис,Не,25,Да,Да,Да,
1/19/2023 14:49:47,1000,3000,3,3,0,Поддръжка на софтуер (Support),Customer Support,Варна,Няма overtime,0,,,да,не,100% дистанционно,не,не,"не, работим фиксирано","не, нямаме бонуси",Сървис,,20,Да,Да,Не,
1/19/2023 14:54:33,10500,10500,0.5,8.5,10,Мениджмънт/Тиим Лиид,Software Development Manager,София,Няма overtime,0,N/A,"JavaScript, Node.js, ReactJS, Angular.io, Vue.js, Various SQL DBs, Some NoSQL DBs, Adobe Commerce, Salesforce Commerce Cloud,",не,N/A,дистанционно по желание без ограничение,"да, и следи за спазването",да,да,"не, нямаме бонуси",Сървис,Не,20,Да,Да,Да,
1/19/2023 15:25:57,7500,7500,3,8,6,Мениджмънт/Тиим Лиид,Senior Web dev/Team Lead,Варна,Няма overtime,0,,"PHP, JavaScript, Python, PostresQL, AWS",не,не,няколко задължително присъствени дни,"да, но не се налага спазването им",да,"не, работим фиксирано","не, нямаме бонуси",Продукт,Не,20,Ако искаш,Да,Да,
1/19/2023 15:48:12,1800,5000,2.7,2.7,0,Разработка на софтуер (Dev),Fullstack .Net Developer,София,Да,5000,,"C#, JavaScript, SQL, AWS",не,Все още чакам,няколко задължително присъствени дни,"да, и следи за спазването",не,"не, работим фиксирано",да,Продукт,,23,Да,Наполовина предплатена от фирмата,Да,
1/19/2023 16:00:43,3000,4000,1,1,0,Разработка на софтуер (Dev),ABAP developer,София,Няма overtime,6500,,"ABAP, SQL",не,не,няколко задължително присъствени дни,"да, но не се налага спазването им",да,да,"не, бонусите са фиксирани",Сървис,,25,Да,Да,Да,
1/19/2023 16:02:18,3700,4400,1,7,0,QA,Senior QA,София,Няма overtime,5000,Merkle,"Java, Python, Selenium, JavaScritp, Jenkins",не,да,100% дистанционно,не,да,да,"не, бонусите са фиксирани",Сървис,,25,Да,Да,Да,
1/19/2023 16:13:52,1500,3700,1.5,2,0,Разработка на софтуер (Dev),C++ Developer,София,Няма overtime,2000,,"C++, Python",не,да,дистанционно по желание без ограничение,не,не,да,да,Продукт,Не,25,Да,Да,Да,
1/19/2023 16:27:16,5600,5600,1,6,0,DevOps,Developer,София,Да,5600,,"Java, Bash, AWS, Azure, GCP, Jenkins,",не,,дистанционно по желание без ограничение,,не,да,"не, бонусите са фиксирани",Продукт,,30,Да,Да,Да,
1/19/2023 17:48:37,700,2800,10,15,0,Разработка на софтуер (Dev),Програмист,Варна,Не,0,,"PHP, MySQL, Laravel",не,не,дистанционно по желание без ограничение,"да, но не се налага спазването им",не,"не, работим фиксирано","не, нямаме бонуси",Сървис,,20,Не,Не,Не,
1/19/2023 18:09:03,8500,8925,1,16,0,Разработка на софтуер (Dev),Senior Back-end Developer,София,Няма overtime,0,,"Python, MySQL, Opensearch, AWS",не,да,100% дистанционно,"да, и следи за спазването",не,да,"не, нямаме бонуси",Продукт,,22,Не,Не,Не,
1/19/2023 19:05:33,4500,4500,0.5,3,0,Разработка на софтуер (Dev),"Програмист, софтуерни приложения",София,Да,0,,C++,не,не,задължително присъствено,"да, но не се налага спазването им",не,"не, работим фиксирано","не, нямаме бонуси",Продукт,,25,Да,Да,Не,
1/19/2023 19:57:59,,6800,8,8,2,Разработка на софтуер (Dev),Java developer,Пловдив,Няма overtime,6000,,,не,не,няколко задължително присъствени дни,"да, но не се налага спазването им",не,"не, работим фиксирано","не, нямаме бонуси",Продукт,Не,25,Да,Да,Не,
1/19/2023 20:18:53,7500,9000,2,10,10,Мениджмънт/Тиим Лиид,Head of unit,София,Да,25000,,".net, c#, Ms sql, Azure, service bus",не,да,дистанционно по желание без ограничение,"да, но не се налага спазването им",да,да,да,Сървис,,25,Да,Да,Да,
1/19/2023 21:07:03,1500,1900,2,15,0,Networking,System Administrator,София,Не,2000,,Python,не,не,задължително присъствено,не,не,"не, но може да си тръгна ако приключа със задачите за деня","не, нямаме бонуси",Продукт,,,Не,Да,Не,
1/19/2023 21:09:21,15000,18000,4,14,10,Мениджмънт/Тиим Лиид,Head,София,Няма overtime,20000,Анонимно," AWS, GCP, Azure, NodeJs, Python, MySQL",да,да,няколко задължително присъствени дни,"да, но не се налага спазването им",не,"не, работим фиксирано","не, нямаме бонуси",Сървис,Не,25,Да,Да,Да,
1/19/2023 21:47:45,8500,8500,1,6,0,Разработка на софтуер (Dev),Senior Software Engineer ,София,Не,0,,Java,не,Waiting ,дистанционно по желание без ограничение,"да, но не се налага спазването им",не,да,"не, нямаме бонуси",Сървис,Да,25,Да,Не,Да,
1/19/2023 21:55:57,2250,2250,,4,0,Поддръжка на софтуер (Support),T2 technical support ,Remote,Няма overtime,0,,,да,не,100% дистанционно,не,не,да,да,Продукт,,20,Не,Не,Не,
1/19/2023 22:24:43,4200,4200,1,3,0,Разработка на софтуер (Dev),Програмист,София,Няма overtime,4200,,,не,не,няколко задължително присъствени дни,"да, но не се налага спазването им",да,"не, но може да си тръгна ако приключа със задачите за деня","не, нямаме бонуси",Продукт,,25,Да,Да,Да,
1/19/2023 22:52:14,7200,8200,1,15,34,Мениджмънт/Тиим Лиид,Customer Support Director,София,Не,25000,,,не,да,дистанционно по желание без ограничение,не,не,да,да,Продукт,Да,30,Да,Да,Да,
1/20/2023 4:32:29,1800,4000,3,4,3,Поддръжка на софтуер (Support),Senior Technician IT Service Desk,София,Няма overtime,1000,Paysafe,"Azure, Intune, ServiceNow, Active Directory, Jamf, Autopilot, MDM, Powershell 7, Office365, ",не,не,дистанционно по желание без ограничение,не,не,да,да,Payments & Digital Wallets,"Да, според стажа в компанията",25,Да,Да,Да,
1/20/2023 9:20:42,6500,6500,0.5,8,0,Разработка на софтуер (Dev),software dev,София,Няма overtime,10000,,".NET, C#, JS... ",не,не,дистанционно по желание без ограничение,не,не,да,"не, бонусите са фиксирани",Продукт,има,,Да,Да,Да,
1/20/2023 9:32:59,3300,4800,4.5,4.5,1,Разработка на софтуер (Dev),Embedded software developer,София,Няма overtime,12000,,"C, C++, Python",не,да,няколко задължително присъствени дни,"да, и следи за спазването",не,да,"не, бонусите са фиксирани",Продукт,,,Да,Да,Да,
1/20/2023 9:43:35,3600,6000,2,5,1,Разработка на софтуер (Dev),програмист,София,Да,5000,ЕГТ,C#,не,Не са минали годишните ревюта,дистанционно по желание без ограничение,не,да,да,"не, бонусите са фиксирани",Продукт,не,25,Да,Да,не знам,
1/20/2023 9:55:42,4200,4200,1,8,4,QA,Ръководител екип,София,Да,10000,,C- based real time programming language,не,да,няколко задължително присъствени дни,"да, и следи за спазването",не,да,"не, бонусите са фиксирани",Продукт,,25,Да,Да,Да,
1/20/2023 10:38:59,4000,6900,4,12,0,Разработка на софтуер (Dev),Database developer,София,Няма overtime,3000,,mssql/sql server,не,не,дистанционно по желание без ограничение,не,да,да,да,Продукт,да,25,Да,Да,Да,
1/20/2023 11:09:05,10000,10000,1,12,0,Мениджмънт/Тиим Лиид,Project Manager,Remote,Не,10000,,,не,не,100% дистанционно,"да, и следи за спазването",да,да,"не, бонусите са фиксирани",Продукт,Да,25,Да,Не,Да,
1/20/2023 11:40:58,4500,6200,3,14,0,Разработка на софтуер (Dev),Full stack dev,София,Да,0,,,не,не,100% дистанционно,"да, и следи за спазването",да,да,"не, нямаме бонуси",Продукт,Да,25,Да,Да,Да,
1/20/2023 13:02:30,6000,7400,5,8,0,DevOps,AWS DevOps,София,Няма overtime,0,N/A,"AWS, Terraform, Kubernetes, Linux, Networking, Databases",не,не,дистанционно по желание без ограничение,"да, но не се налага спазването им",да,да,"не, нямаме бонуси",,,25,Да,Да,Да,
1/20/2023 14:49:01,2800,4500,4,8,0,Разработка на софтуер (Dev),Software Engineer,Пловдив,Няма overtime,4700,,Javascript,не,"да, но не покрива инфлацията",дистанционно по желание без ограничение,"да, но не се налага спазването им",да,да,да,Сървис,Не,20,Да,Да,Да,
1/20/2023 14:53:00,6000,6400,1,8,4,Разработка на софтуер (Dev),Lead Architect,София,Да,6000,,"Java, Kotlin, Ruby",не,да,дистанционно по желание без ограничение,"да, но не се налага спазването им",да,да,"не, бонусите са фиксирани",Сървис,не,25,Да,Да,Да,
1/20/2023 15:33:13,,7200,,10,0,Разработка на софтуер (Dev),Senior Java developer,София,Няма overtime,0,,Java,не,не,дистанционно по желание без ограничение,"да, но не се налага спазването им",да,да,"не, нямаме бонуси",,,,Да,Да,,
1/20/2023 17:38:00,4200,4500,3,21,1,Разработка на софтуер (Dev),компютърен специалист,София,Да,0,,"JavaScript, SFCC, React, JQuery",да,,дистанционно по желание без ограничение,"да, и следи за спазването",да,"не, работим фиксирано","не, нямаме бонуси",Сървис,,20,Да,Да,Да,
1/20/2023 17:52:22,1700,2900,1.7,1.7,0,QA,Automation Tester,София,Няма overtime,0,,.NET,не,не,дистанционно по желание без ограничение,"да, и следи за спазването",не,"не, работим фиксирано","не, нямаме бонуси",Сървис,"има, но не са особено атрактивни към момента",21,Да,Да,Да,80 лв ваучери
1/20/2023 19:43:15,8500,8500,0.2,8,0,Разработка на софтуер (Dev),Software Developer,Remote,Няма overtime,0,,,не,не,100% дистанционно,не,не,да,"не, нямаме бонуси",Сървис,,26,Да,Да,Да,
1/20/2023 19:51:44,8500,8790,1,18,1,QA,Lead QA Engineer,София,Няма overtime,0,,"PHP, VUE, C#",не,не,дистанционно по желание без ограничение,"да, и следи за спазването",не,да,"не, нямаме бонуси",Продукт,,25,Да,Да,Да,
1/20/2023 19:55:46,4000,5000,2,4,1,Разработка на софтуер (Dev),Data Scientist,София,Не,15000,,,,,,,,,,,,,,,,
1/20/2023 21:10:02,6500,7500,2,20,0,QA,software test engineer,София,Няма overtime,10000,,"C, bash, Python",не,да,дистанционно по желание без ограничение,не,не,да,"не, бонусите са фиксирани",Продукт,,25,Да,Не,Да,
1/21/2023 11:07:46,5500,5500,,3.5,0,Разработка на софтуер (Dev),Android Developer,София,Няма overtime,0,,"Java, Kotlin",не,да,дистанционно по желание без ограничение,"да, но не се налага спазването им",не,да,да,Продукт,Няма,25,Да,Да,Да,
1/22/2023 12:11:27,4000,5200,1,3,0,Разработка на софтуер (Dev),Software Developer,София,Няма overtime,0,,"Angular, Spring",не,не,дистанционно по желание без ограничение,"да, и следи за спазването",да,"не, работим фиксирано","не, нямаме бонуси",Сървис,,,,Не,Не,
1/22/2023 12:14:46,6000,10000,2,5,4,Разработка на софтуер (Dev),Software Engineer,София,Няма overtime,15000,,"Java, JS, Spring, React",не,не,100% дистанционно,"да, и следи за спазването",,,,,,30,Да,Да,Да,
1/22/2023 12:16:38,10000,10000,0.5,4,5,Разработка на софтуер (Dev),Senior Software Developer,София,Да,10000,,"JavaScript, Java, Angular, Spring Boot, SQL",не,не,дистанционно по желание без ограничение,"да, и следи за спазването",да,да,"не, нямаме бонуси",Сървис,,,Да,Да,Да,
1/22/2023 12:19:54,3250,4900,1,2,0,Разработка на софтуер (Dev),Developer,София,Няма overtime,5000,,"JavaScript, Angular, Java, Spring ",не,да,100% дистанционно,не,да,да,да,,,27,Да,Да,Да,
1/22/2023 12:22:23,4000,4000,0,1,0,Разработка на софтуер (Dev),Junior Java Developer,София,Няма overtime,2000,,"Java, Spring, MySQL",не,не,100% дистанционно,не,да,да,да,Сървис,,,Да,Не,Да,Ваучери за храна - 40лв
1/22/2023 12:27:01,8000,12000,2,6,5,Разработка на софтуер (Dev),Senior Software Engineer,София,Няма overtime,10000,,"Angular, TypeScript",не,не,100% дистанционно,"да, но не се налага спазването им",да,да,да,Сървис,,26,Да,Да,Не,Ваучери за 100лева
1/22/2023 13:01:33,4000,6300,2,3,0,Разработка на софтуер (Dev),Frontend Developer,София,Да,0,,,не,не,100% дистанционно,не,да,да,"не, нямаме бонуси",Продукт,,25,Да,Да,Да,150 ваучери
1/22/2023 20:05:54,,6000,,5,0,Разработка на софтуер (Dev),Full stack,София,Няма overtime,0,,,не,да,няколко задължително присъствени дни,не,не,"не, работим фиксирано","не, нямаме бонуси",,,,Да,Да,Не,
1/23/2023 1:39:39,6000,10500,6,15,40,Мениджмънт/Тиим Лиид,Software development manager,София,Не,30000,,"C, C++, C#, JAVA, JavaScript, Python",не,да,дистанционно по желание без ограничение,"да, и следи за спазването",не,да,да,Сървис,не,26,Да,Да,Да,Доста овъртайм
1/23/2023 4:42:54,4000,6000,2,6,2,Разработка на софтуер (Dev),Senior Software Engineer,Пловдив,Да,5000,Outsource,Java ecosystem based,не,да,дистанционно по желание без ограничение,"да, но не се налага спазването им",да,да,да,Сървис,Не,20,Да,Да,По желание,Рядко се прави overtime
1/23/2023 10:32:08,2300,4300,4,23,0,QA,QA Engineer,София,Няма overtime,0,,"MySQL, svn, Jira",да,"получих, но не токлкова, че да компенсира официалната инфлация",дистанционно по желание без ограничение,не,да,"не, работим фиксирано","не, нямаме бонуси",Продукт,,25,Да,Да,Не,"ваучери за храна, Коледни и Великденски подаръци"
1/25/2023 1:55:48,25000,29000,1.5,1.5,0,Разработка на софтуер (Dev),Стажант на Ваското,София,Няма overtime,280000,Hopper,,не,да,100% дистанционно,,,да,да,Продукт,"$1,500,000",366,Да,Да,Да,
1/25/2023 2:14:29,1200,2100,4,16,4,DevOps,DevOps Lead,София,Не,1000,,AD,да,не,задължително присъствено,,да,"не, работим фиксирано","не, бонусите са фиксирани",Сървис,,20,Да,Не,Не,
1/25/2023 18:48:48,2000,2000,1,10,0,Разработка на софтуер (Dev),Junior Java Developer,София,Не,0,,"Java, RabbitMq, SonarQube",I am not aware,To be discussed the following weeks,100% дистанционно,"да, но не се налага спазването им",да,"не, но може да си тръгна ако приключа със задачите за деня","не, нямаме бонуси",Сървис,no,20,Да,Да,Да,
1/27/2023 3:58:58,7000,7000,1,9,0,Разработка на софтуер (Dev),Senior Software Developer,София,Не,0,ViewRay,C++,не,не,задължително присъствено,"да, и следи за спазването",да,"не, работим фиксирано","не, нямаме бонуси",Продукт,"Никакви, уж можело да се дават като ""специален"" бонус, ама е само на думи",20,Не,Не,Не,"Контракторски договор към щатите, нямали фирма в България, ама ""скоро"" щяло да има. Това го казаха чак след интервюто, много кофти менуджър"
1/27/2023 4:05:25,12000,16000,2,8,0,Разработка на софтуер (Dev),Kotlin Developer,София,Няма overtime,12000,,"Kotlin, Java, Python, SQL",не,да,дистанционно по желание без ограничение,"да, но не се налага спазването им",не,да,"не, бонусите са фиксирани",Продукт,$100K за 4 години,35,Да,Да,При поискване се дава,
2/1/2023 13:49:41,4000,6000,5,10,0,Разработка на софтуер (Dev),Software Engineer,София,Няма overtime,0,,"C#, .NET",не,не,няколко задължително присъствени дни,не,не,да,"не, нямаме бонуси",Продукт,no,25,Да,Да,Да,"food vouchers (100), mobile phone, free parking/transport "
2/1/2023 20:24:04,6500,10000,0.5,0.5,0,Research,Quant Researcher,София,Няма overtime,25000,-,Python,не,да,100% дистанционно,"да, и следи за спазването",не,да,"не, нямаме бонуси",Сървис,,,,,,
2/3/2023 13:11:03,10000,12400,2,13,10,Мениджмънт/Тиим Лиид,Software Development Manager,София,Няма overtime,3200,US базирана компания ,"Java, Kotlin",да,не,100% дистанционно,"да, но не се налага спазването им",не,да,"не, бонусите са фиксирани",Продукт,не,29,Да,Не,Не,free parking
2/4/2023 12:26:56,6000,6000,0,3,0,Разработка на софтуер (Dev),Frontend Developer,София,Няма overtime,6000,,"Angular, typescript, Bootstrap",не,да,100% дистанционно,"да, но не се налага спазването им",да,да,да,Сървис,,30,Да,Да,,немският е плюс
2/12/2023 1:35:45,6000,9500,3,16,5,Мениджмънт/Тиим Лиид,Senior Software Engineer / Team Lead,София,Няма overtime,4000,,"PHP, Python, Javascript, GoLang, Android, Swift, Flutter, Laravel (PHP), Slim (PHP), Vue, ReactJS",не,не,няколко задължително присъствени дни,"да, и следи за спазването",не,"не, работим фиксирано","не, нямаме бонуси",Продукт,,20,Да,Да,Да,
3/8/2023 19:03:19,6000,6000,0.5,1.5,0,Разработка на софтуер (Dev),Software Engineer,Remote,Да,4000,,"TypeScript, Node.js, PostgreSQL",да,не,100% дистанционно,"да, и следи за спазването",не,да,да,Сървис,да,365,Не,Не,Не,
3/8/2023 19:06:19,2500,3100,1.5,2,0,Разработка на софтуер (Dev),Junior Full Stack Developer,София,Няма overtime,3600,,"React, MUI, Spring, AWS, K8S, Crossplane, ArgoCD",не,не,дистанционно по желание без ограничение,"да, но не се налага спазването им",да,да,да,Сървис,Не,25,Да,Да,Не,
3/8/2023 19:12:31,2200,5600,1.75,1.7,2,"Dev, UI/UX",Full-stack & UI/UX,Remote,Да,8000,,,да,,100% дистанционно,"да, и следи за спазването",,,,,,,,,,
3/12/2023 19:06:19,5000,6100,1.8,13,2,QA,Senior test engineer,София,Да,8000,,,не,"увеличение да, но не компенсира",дистанционно по желание без ограничение,"да, но не се налага спазването им",да,,,Продукт,,25,Да,Да,Да,
3/13/2023 20:20:14,2500,4500,4.5,6,0,BA,Business analyst/Product Owner ,София,Да,0,,,не,да,дистанционно по желание без ограничение,не,да,"не, работим фиксирано","не, нямаме бонуси",Бодилизинг,,22,Да,Да,Да,
3/13/2023 22:41:59,4700,6700,3,8,0,Разработка на софтуер (Dev),Software engineer ,София,Само ако е през уикенда и изрично насрочен от работодателя,9000,,"C+, .NET, Java ",не,"Не беше достатъчно, за да компенсира инфлацията ",дистанционно по желание без ограничение,"да, но не се налага спазването им",не,да,да,Продукт,Не,25,Да,Да,Да,
3/14/2023 0:49:39,1500,2800,1,1,0,Разработка на софтуер (Dev),web dev,София,Няма overtime,2000,,,не,да,100% дистанционно,"да, и следи за спазването",да,да,да,Сървис,,,Да,Да,Да,
3/14/2023 9:34:41,,4500,5,5,0,Разработка на софтуер (Dev),Software developer ,София,Не,12000,,"C, Java, Python",,да,дистанционно по желание без ограничение,"да, и следи за спазването",да,да,"не, бонусите са фиксирани",Продукт,,22,Да,Да,Не,
3/14/2023 10:45:27,4500,5500,1.5,3,0,Разработка на софтуер (Dev),Разработчик софтуер,София,Да,0,,"C#, .NET, MS SQL, Azure",не,да,100% дистанционно,"да, но не се налага спазването им",не,"не, работим фиксирано","не, нямаме бонуси",Сървис,,20,Да,Да,Да,
3/14/2023 11:05:16,2800,3100,1.5,1.5,1,Разработка на софтуер (Dev),Software Engineer,София,Няма overtime,3000,gambling,C# Javascript Kafka,да,не,дистанционно по желание без ограничение,"да, и следи за спазването",да,"не, работим фиксирано","не, бонусите са фиксирани",Продукт,има,20,Да,Да,Да,
3/14/2023 11:38:28,2150,2150,0,0,0,Разработка на софтуер (Dev),Junior Frontend Developer ,Пловдив,Няма overtime,0,,"React, Typescript, CSS, Java",не,не,100% дистанционно,"да, но не се налага спазването им",не,да,"не, нямаме бонуси",Сървис,,24,Да,Да,Да,
3/14/2023 17:33:12,4000,4500,1,5,1,Разработка на софтуер (Dev),Software Engineer,София,Няма overtime,10000,TSG,Java,не,не,дистанционно по желание без ограничение,"да, и следи за спазването",да,"не, работим фиксирано","не, бонусите са фиксирани",Продукт,да,25,Да,Да,Да,
3/15/2023 10:54:51,1000,2000,1.5,1.5,0,QA,QE,София,Да,0,-,"Java, Selenium, RestAssured",не,не,дистанционно по желание без ограничение,"да, и следи за спазването",да,да,"не, нямаме бонуси",Сървис,Не,20,При заплащане - да.,Да,"Трябва да се пита и ако те преценят, че има нужда.",
3/15/2023 16:07:51,2200,2200,0,2,0,Разработка на софтуер (Dev),Front-end developer,София,Да,0,DXC Technology,"React (depends on the client project, some people work with Vue, Angular... also some people work with BE also, mostly Java with Spring)",не,не,дистанционно по желание без ограничение,"да, и следи за спазването",да,да,"не, нямаме бонуси",Бодилизинг,не,24,Да,Да,Да,
3/15/2023 17:41:59,8900,9800,1,15,4,Мениджмънт/Тиим Лиид,Engineering Manager,София,Не,11000,US based auto corporation,"C, C++, Python, Linux",не,"По-добро увеличение от нормалното, но по динфлацията",дистанционно по желание без ограничение,"да, и следи за спазването",не,да,"не, бонусите са фиксирани",Сървис,"$10К RSU, вест на 3 през 1г.",25,Да,Не,"Не е фиксиран бюджет, но плащат за външни обучения",
3/16/2023 1:32:37,1800,1800,0,2,0,Поддръжка на софтуер (Support),Customer Support Engineer,София,Да,0,,"SQL, Linux, Python, Java",не,да,няколко задължително присъствени дни,"да, и следи за спазването",да,"не, работим фиксирано","не, бонусите са фиксирани",Продукт,Да,25,Да,Да,Да,
3/31/2023 14:37:27,800,1600,2,2,0,Разработка на софтуер (Dev),Програмист софтуерни приложения ,София,Няма overtime,0,,"C#,. Net, Javascript, Angular, sql",не,,по предварително определен график,не,не,да,да,Сървис,,,Не,Не,Да,
